04-05-2021,E-TRANSFER CA***Zrx ,,85,8234.12
04-05-2021,E-TRANSFER CA***CjV ,,130,8364.12
04-05-2021,SEND E-TFR CA***kHy ,2825,,5539.12
04-05-2021,SEND E-TFR FEE      ,1.5,,5537.62
04-05-2021,E-TRANSFER CA***Rjs ,,10,5547.62
04-05-2021,E-TRANSFER CA***2EW ,,170,5717.62
04-05-2021,E-TRANSFER CA***K57 ,,1483.13,7200.75
04-05-2021,E-TRANSFER CA***6np ,,20,7220.75
04-05-2021,E-TRANSFER CA***hKS ,,345,7565.75
04-05-2021,E-TRANSFER CA***f5B ,,10,7575.75
04-05-2021,E-TRANSFER CA***2JW ,,750,8325.75
04-05-2021,SEND E-TFR CA***qXx ,565,,7760.75
04-05-2021,SEND E-TFR FEE      ,1.5,,7759.25
04-05-2021,E-TRANSFER CA***MtV ,,400,8159.25
04-06-2021,E-TRANSFER CA***ZhX ,,1100,9259.25
04-06-2021,E-TRANSFER CA***Jq6 ,,1300,10559.25
04-06-2021,E-TRANSFER CA***Mrn ,,80.8,10640.05
04-07-2021,E-TRANSFER CA***E79 ,,86,10726.05
04-07-2021,E-TRANSFER CA***bGy ,,1000,11726.05
04-07-2021,E-TRANSFER CA***9vJ ,,100,11826.05
04-07-2021,SEND E-TFR CA***fqm ,3000,,8826.05
04-07-2021,SEND E-TFR FEE      ,1.5,,8824.55
04-07-2021,E-TRANSFER CA***9Hn ,,423.36,9247.91
04-07-2021,E-TRANSFER CA***Kh9 ,,200,9447.91
04-07-2021,E-TRANSFER CA***yfE ,,1700,11147.91
04-07-2021,E-TRANSFER CA***pjN ,,300,11447.91
04-08-2021,E-TRANSFER CA***Zp9 ,,600,12047.91
04-08-2021,E-TRANSFER CA***TX7 ,,800,12847.91
04-08-2021,E-TRANSFER CA***uDC ,,50,12897.91
04-08-2021,E-TRANSFER CA***NnF ,,58,12955.91
04-08-2021,E-TRANSFER CA***QHY ,,842,13797.91
04-08-2021,E-TRANSFER CA***8sP ,,300,14097.91
04-08-2021,E-TRANSFER CA***Fb7 ,,500,14597.91
04-09-2021,E-TRANSFER CA***3n7 ,,2000,16597.91
04-09-2021,SEND E-TFR CA***Kzy ,79,,16518.91
04-09-2021,SEND E-TFR FEE      ,1.5,,16517.41
04-09-2021,E-TRANSFER CA***Tx2 ,,1675,18192.41
04-09-2021,E-TRANSFER CA***F4J ,,400,18592.41
04-12-2021,E-TRANSFER CA***jGW ,,180,18772.41
04-12-2021,SEND E-TFR CA***cxU ,1423,,17349.41
04-12-2021,SEND E-TFR FEE      ,1.5,,17347.91
04-12-2021,E-TRANSFER CA***VMr ,,840,18187.91
04-12-2021,E-TRANSFER CA***9vf ,,118,18305.91
04-12-2021,E-TRANSFER CA***a9k ,,1676,19981.91
04-12-2021,E-TRANSFER CA***Smv ,,100,20081.91
04-12-2021,E-TRANSFER CA***6xP ,,837,20918.91
04-12-2021,E-TRANSFER CA***KVf ,,84,21002.91
04-12-2021,E-TRANSFER CA***8f3 ,,1700,22702.91
04-12-2021,E-TRANSFER CA***btW ,,500,23202.91
04-12-2021,E-TRANSFER CA***vKy ,,10,23212.91
04-12-2021,E-TRANSFER CA***Sfy ,,215,23427.91
04-12-2021,E-TRANSFER CA***rYM ,,850,24277.91
04-12-2021,E-TRANSFER CA***yYY ,,83,24360.91
04-12-2021,E-TRANSFER CA***aWV ,,10,24370.91
04-12-2021,E-TRANSFER CA***MPD ,,1000,25370.91
04-12-2021,E-TRANSFER CA***unU ,,1996,27366.91
04-12-2021,E-TRANSFER CA***9W3 ,,128,27494.91
04-12-2021,E-TRANSFER CA***ahk ,,1002,28496.91
04-12-2021,E-TRANSFER CA***dU3 ,,300,28796.91
04-12-2021,E-TRANSFER CA***PrE ,,600,29396.91
04-12-2021,WIRE TO CUSTOMER    ,25050,,4346.91
04-12-2021,E-TRANSFER CA***pV2 ,,1050,5396.91
04-12-2021,E-TRANSFER CA***sjE ,,2000,7396.91
04-12-2021,E-TRANSFER CA***fGD ,,1690,9086.91
04/13/2021,E-TRANSFER CA***qem ,,330,9416.91
04/13/2021,E-TRANSFER CA***mcE ,,850,10266.91
04/13/2021,E-TRANSFER CA***NNy ,,400,10666.91
04/13/2021,E-TRANSFER CA***Sd8 ,,151,10817.91
04/14/2021,E-TRANSFER CA***tn2 ,,78,10895.91
04/14/2021,E-TRANSFER CA***ZeX ,,600,11495.91
04/14/2021,E-TRANSFER CA***q87 ,,200,11695.91
04/14/2021,E-TRANSFER CA***mWf ,,900,12595.91
04/15/2021,E-TRANSFER CA***U3M ,,83,12678.91
04/15/2021,E-TRANSFER CA***Ggv ,,175,12853.91
04/15/2021,E-TRANSFER CA***hVe ,,670,13523.91
04/16/2021,E-TRANSFER CA***ea3 ,,1336,14859.91
04/16/2021,E-TRANSFER CA***pJm ,,500,15359.91
04/19/2021,SEND E-TFR CA***Z8P ,3000,,12359.91
04/19/2021,SEND E-TFR FEE      ,1.5,,12358.41
04/19/2021,E-TRANSFER CA***Fag ,,100,12458.41
04/19/2021,E-TRANSFER CA***MyE ,,2,12460.41
04/19/2021,E-TRANSFER CA***8Wc ,,612,13072.41
04/19/2021,E-TRANSFER CA***vcT ,,1000,14072.41
04/19/2021,E-TRANSFER CA***gKp ,,480,14552.41
04/19/2021,E-TRANSFER CA***WmR ,,700,15252.41
04/19/2021,E-TRANSFER CA***Qtd ,,100,15352.41
04/19/2021,E-TRANSFER CA***4Eb ,,5,15357.41
04/19/2021,E-TRANSFER CA***EJ8 ,,85,15442.41
04/19/2021,E-TRANSFER CA***Une ,,150,15592.41
04/19/2021,E-TRANSFER CA***KNA ,,2500,18092.41
04/19/2021,SEND E-TFR CA***P36 ,341,,17751.41
04/19/2021,SEND E-TFR FEE      ,1.5,,17749.91
04/19/2021,WIRE TO CUSTOMER    ,15050,,2699.91
04/19/2021,E-TRANSFER CA***CPU ,,1000,3699.91
04/20/2021,E-TRANSFER CA***QMs ,,1700,5399.91
04/20/2021,E-TRANSFER CA***823 ,,300,5699.91
04/20/2021,E-TRANSFER CA***baY ,,490,6189.91
04/20/2021,E-TRANSFER CA***jdv ,,600,6789.91
04/20/2021,E-TRANSFER CA***gSh ,,1000,7789.91
04/21/2021,E-TRANSFER CA***9Gn ,,2000,9789.91
04/21/2021,E-TRANSFER CA***fVK ,,83,9872.91
04/21/2021,E-TRANSFER CA***bgg ,,1650,11522.91
04/21/2021,E-TRANSFER CA***DmM ,,100,11622.91
04/21/2021,E-TRANSFER CA***794 ,,250,11872.91
04/21/2021,E-TRANSFER CA***DaG ,,1000,12872.91
04/21/2021,E-TRANSFER CA***RJf ,,645,13517.91
04/21/2021,E-TRANSFER CA***GdM ,,160,13677.91
04/21/2021,E-TRANSFER CA***fRu ,,500,14177.91
04/21/2021,E-TRANSFER CA***Mdz ,,500,14677.91
04/21/2021,E-TRANSFER CA***Jey ,,900,15577.91
04/21/2021,E-TRANSFER CA***7BP ,,75,15652.91
04/21/2021,E-TRANSFER CA***qx8 ,,816,16468.91
04/22/2021,E-TRANSFER CA***pqa ,,100,16568.91
04/22/2021,E-TRANSFER CA***KV7 ,,3000,19568.91
04/22/2021,E-TRANSFER CA***4Cw ,,2800,22368.91
04/23/2021,E-TRANSFER CA***zgZ ,,980,23348.91
04/23/2021,WIRE TO CUSTOMER    ,20050,,3298.91
04/23/2021,CASH WITHDRAWAL     ,320,,2978.91
04/23/2021,E-TRANSFER CA***g8H ,,250,3228.91
04/23/2021,E-TRANSFER CA***qmK ,,400,3628.91
04/23/2021,E-TRANSFER CA***zvW ,,400,4028.91
04/26/2021,E-TRANSFER CA***nUJ ,,200,4228.91
04/26/2021,E-TRANSFER CA***Ycs ,,170,4398.91
04/26/2021,E-TRANSFER CA***2v5 ,,2000,6398.91
04/26/2021,E-TRANSFER CA***tY7 ,,700,7098.91
04/26/2021,E-TRANSFER CA***agx ,,100,7198.91
04/26/2021,E-TRANSFER CA***qvJ ,,10,7208.91
04/26/2021,E-TRANSFER CA***q3u ,,800,8008.91
04/26/2021,E-TRANSFER CA***7wP ,,100,8108.91
04/26/2021,SEND E-TFR CA***Gxv ,2,,8106.91
04/26/2021,SEND E-TFR FEE      ,1.5,,8105.41
04/26/2021,SEND E-TFR CA***6Vm ,105,,8000.41
04/26/2021,SEND E-TFR FEE      ,1.5,,7998.91
04/26/2021,E-TRANSFER CA***NeH ,,820,8818.91
04/26/2021,E-TRANSFER CA***ZTj ,,85,8903.91
04/27/2021,REGISTRY ON WYE     ,20,,8883.91
04/28/2021,SEND E-TFR CA***AVa ,3000,,5883.91
04/28/2021,SEND E-TFR FEE      ,1.5,,5882.41
04/28/2021,E-TRANSFER CA***2XB ,,3000,8882.41
04/28/2021,E-TRANSFER CA***MQM ,,1000,9882.41
04/28/2021,E-TRANSFER CA***9kf ,,100,9982.41
04/28/2021,E-TRANSFER CA***SNy ,,300,10282.41
04/29/2021,DEPOSIT             ,,45627.63,55910.04
04/29/2021,WIRE TO CUSTOMER    ,20000,,35910.04
04/29/2021,CASH WITHDRAWAL     ,50,,35860.04
04/29/2021,E-TRANSFER CA***cGT ,,100,35960.04
04/29/2021,E-TRANSFER CA***7ne ,,2630,38590.04
04/29/2021,E-TRANSFER CA***vVF ,,21,38611.04
04/29/2021,E-TRANSFER CA***r9C ,,5,38616.04
04/30/2021,E-TRANSFER CA***dGZ ,,1,38617.04
04/30/2021,E-TRANSFER CA***ggd ,,500,39117.04
04/30/2021,E-TRANSFER CA***FAq ,,500,39617.04
04/30/2021,E-TRANSFER CA***wq3 ,,100,39717.04
04/30/2021,E-TRANSFER CA***htr ,,1000,40717.04
04/30/2021,E-TRANSFER CA***4mC ,,100,40817.04
04/30/2021,E-TRANSFER CA***HZp ,,2500,43317.04
04/30/2021,E-TRANSFER CA***x4Y ,,2300,45617.04
04/30/2021,E-TRANSFER CA***X6t ,,200,45817.04
04/30/2021,E-TRANSFER CA***Ff2 ,,30,45847.04
04/30/2021,E-TRANSFER CA***Gux ,,950,46797.04
04/30/2021,E-TRANSFER CA***VR7 ,,170,46967.04
04/30/2021,E-TRANSFER CA***seZ ,,500,47467.04
04/30/2021,E-TRANSFER CA***C9M ,,300,47767.04
04/30/2021,E-TRANSFER CA***Sfh ,,100,47867.04
04/30/2021,E-TRANSFER CA***njn ,,2000,49867.04
04/30/2021,E-TRANSFER CA***FJB ,,400,50267.04
04/30/2021,E-TRANSFER CA***ZR8 ,,20,50287.04
04/30/2021,E-TRANSFER CA***Npc ,,1000,51287.04
04/30/2021,E-TRANSFER CA***7BZ ,,200,51487.04
04/30/2021,E-TRANSFER CA***XEe ,,5,51492.04
04/30/2021,E-TRANSFER CA***ZFn ,,5,51497.04
04/30/2021,MONTHLY PLAN FEE    ,5,,51492.04
04/30/2021,SERVICE CHARGE      ,200,,51292.04
05-03-2021,SEND E-TFR CA***BSg ,100,,51192.04
05-03-2021,E-TRANSFER CA***SAf ,,1000,52192.04
05-03-2021,E-TRANSFER CA***MEY ,,812.52,53004.56
05-03-2021,E-TRANSFER CA***XQc ,,100,53104.56
05-03-2021,E-TRANSFER CA***Zes ,,162,53266.56
05-03-2021,E-TRANSFER CA***s4p ,,130,53396.56
05-03-2021,E-TRANSFER CA***wPu ,,800,54196.56
05-03-2021,E-TRANSFER CA***3B3 ,,823,55019.56
05-03-2021,E-TRANSFER CA***new ,,800,55819.56
05-03-2021,E-TRANSFER CA***PVx ,,650,56469.56
05-03-2021,E-TRANSFER CA***HUn ,,1800,58269.56
05-03-2021,E-TRANSFER CA***5Au ,,80,58349.56
05-03-2021,E-TRANSFER CA***QFm ,,105,58454.56
05-03-2021,E-TRANSFER CA***Bcn ,,5,58459.56
05-03-2021,E-TRANSFER CA***T7N ,,100,58559.56
05-03-2021,E-TRANSFER CA***9a6 ,,1645,60204.56
05-03-2021,E-TRANSFER CA***4Z6 ,,165,60369.56
05-03-2021,E-TRANSFER CA***VKr ,,251,60620.56
05-03-2021,E-TRANSFER CA***naD ,,1645,62265.56
05-03-2021,E-TRANSFER CA***fQp ,,10,62275.56
05-03-2021,SEND E-TFR CA***CHW ,5,,62270.56
05-03-2021,E-TRANSFER CA***Cex ,,100,62370.56
05-03-2021,E-TRANSFER CA***Uds ,,3000,65370.56
05-03-2021,E-TRANSFER CA***Rkv ,,200,65570.56
05-03-2021,E-TRANSFER CA***9VZ ,,193.33,65763.89
05-03-2021,E-TRANSFER CA***K67 ,,50,65813.89
05-03-2021,E-TRANSFER CA***FeY ,,84,65897.89
05-03-2021,E-TRANSFER CA***hDH ,,200,66097.89
05-03-2021,E-TRANSFER CA***FqA ,,100,66197.89
05-03-2021,E-TRANSFER CA***7su ,,400,66597.89
05-03-2021,E-TRANSFER CA***amp ,,100,66697.89
05-03-2021,E-TRANSFER CA***dCF ,,200,66897.89
05-03-2021,E-TRANSFER CA***Seh ,,1000,67897.89
05-03-2021,E-TRANSFER CA***dEg ,,260,68157.89
05-03-2021,E-TRANSFER CA***Dv3 ,,500,68657.89
05-03-2021,E-TRANSFER CA***ttJ ,,230,68887.89
05-03-2021,E-TRANSFER CA***QpX ,,2000,70887.89
05-03-2021,E-TRANSFER CA***Sun ,,500,71387.89
05-03-2021,E-TRANSFER CA***Exk ,,2500,73887.89
05-03-2021,E-TRANSFER CA***w9M ,,400,74287.89
05-03-2021,E-TRANSFER CA***2Z3 ,,580,74867.89
05-03-2021,CAD DRAFT 94781622  ,25059.95,,49807.94
05-03-2021,E-TRANSFER CA***bTr ,,50,49857.94
05-04-2021,E-TRANSFER CA***Cnm ,,20,49877.94
05-04-2021,E-TRANSFER CA***f38 ,,1000,50877.94
05-04-2021,E-TRANSFER CA***SBq ,,827,51704.94
05-04-2021,E-TRANSFER CA***wau ,,354,52058.94
05-04-2021,E-TRANSFER CA***2c6 ,,500,52558.94
05-04-2021,E-TRANSFER CA***A9F ,,1000,53558.94
05-04-2021,E-TRANSFER CA***fAE ,,1580,55138.94
05-04-2021,E-TRANSFER CA***Z3u ,,250,55388.94
05-04-2021,E-TRANSFER CA***G9n ,,200,55588.94
05-05-2021,E-TRANSFER CA***rJz ,,25,55613.94
05-05-2021,E-TRANSFER CA***u9g ,,250,55863.94
05-05-2021,E-TRANSFER CA***Dmv ,,1000,56863.94
05-05-2021,E-TRANSFER CA***tyP ,,25,56888.94
05-05-2021,E-TRANSFER CA***mAG ,,250,57138.94
05-05-2021,E-TRANSFER CA***Eex ,,660,57798.94
05-05-2021,E-TRANSFER CA***URm ,,1650,59448.94
05-05-2021,E-TRANSFER CA***2TF ,,1645,61093.94
05-05-2021,E-TRANSFER CA***Rkw ,,2500,63593.94
05-05-2021,E-TRANSFER CA***MrB ,,900,64493.94
05-05-2021,E-TRANSFER CA***sFw ,,2000,66493.94
05-05-2021,E-TRANSFER CA***pdB ,,300,66793.94
05-06-2021,E-TRANSFER CA***Ds8 ,,75,66868.94
05-06-2021,E-TRANSFER CA***DKW ,,10,66878.94
05-06-2021,E-TRANSFER CA***wQU ,,246,67124.94
05-06-2021,E-TRANSFER CA***MNH ,,2000,69124.94
05-06-2021,CAD DRAFT 94781696  ,25009.95,,44114.99
05-06-2021,WIRE TO CUSTOMER    ,25050,,19064.99
05-06-2021,E-TRANSFER CA***Y84 ,,3270,22334.99
05-06-2021,E-TRANSFER CA***EWJ ,,90,22424.99
05-06-2021,E-TRANSFER CA***4NE ,,500,22924.99
05-06-2021,E-TRANSFER CA***p3K ,,1000,23924.99
05-06-2021,E-TRANSFER CA***W2k ,,177,24101.99
05-06-2021,E-TRANSFER CA***9ED ,,50,24151.99
05-06-2021,E-TRANSFER CA***UtU ,,400,24551.99
05-06-2021,E-TRANSFER CA***j5U ,,1000,25551.99
05-06-2021,E-TRANSFER CA***Qmf ,,100,25651.99
05-07-2021,E-TRANSFER CA***rdN ,,2000,27651.99
05-07-2021,E-TRANSFER CA***Cfe ,,1100,28751.99
05-07-2021,E-TRANSFER CA***8zB ,,10,28761.99
05-07-2021,E-TRANSFER CA***SYH ,,1650,30411.99
05-07-2021,E-TRANSFER CA***eKX ,,1450,31861.99
05-07-2021,SEND E-TFR CA***z7Y ,2000,,29861.99
05-07-2021,SEND E-TFR FEE      ,1.5,,29860.49
05-07-2021,E-TRANSFER CA***V3x ,,1000,30860.49
05-07-2021,E-TRANSFER CA***Rfe ,,80,30940.49
05-07-2021,E-TRANSFER CA***jUg ,,1000,31940.49
05-07-2021,E-TRANSFER CA***XHE ,,409,32349.49
05-07-2021,E-TRANSFER CA***aku ,,200,32549.49
05-07-2021,E-TRANSFER CA***Jw8 ,,26.5,32575.99
05-07-2021,E-TRANSFER CA***aNX ,,1635,34210.99
05-07-2021,E-TRANSFER CA***rhR ,,493,34703.99
05-07-2021,E-TRANSFER CA***h7y ,,432,35135.99
05-10-2021,E-TRANSFER CA***qbT ,,99,35234.99
05-10-2021,E-TRANSFER CA***eyu ,,200,35434.99
05-10-2021,E-TRANSFER CA***a3B ,,70,35504.99
05-10-2021,E-TRANSFER CA***7Au ,,490,35994.99
05-10-2021,E-TRANSFER CA***FcB ,,1500,37494.99
05-10-2021,E-TRANSFER CA***2rR ,,561,38055.99
05-10-2021,E-TRANSFER CA***BKA ,,1500,39555.99
05-10-2021,E-TRANSFER CA***gaq ,,100,39655.99
05-10-2021,E-TRANSFER CA***Evp ,,300,39955.99
05-10-2021,E-TRANSFER CA***hFG ,,10,39965.99
05-10-2021,E-TRANSFER CA***7x9 ,,10,39975.99
05-10-2021,E-TRANSFER CA***8hT ,,3000,42975.99
05-10-2021,E-TRANSFER CA***95u ,,1000,43975.99
05-10-2021,E-TRANSFER CA***esy ,,250,44225.99
05-10-2021,E-TRANSFER CA***ZD5 ,,90,44315.99
05-10-2021,E-TRANSFER CA***2TT ,,10,44325.99
05-10-2021,E-TRANSFER CA***jmc ,,100,44425.99
05-10-2021,E-TRANSFER CA***hdQ ,,100,44525.99
05-10-2021,E-TRANSFER CA***xdN ,,100,44625.99
05-10-2021,E-TRANSFER CA***rEu ,,400,45025.99
05-10-2021,E-TRANSFER CA***gSw ,,250,45275.99
05-10-2021,E-TRANSFER CA***B3a ,,200,45475.99
05-10-2021,E-TRANSFER CA***cge ,,115,45590.99
05-10-2021,RECLAIM TFR CA***Kzy,,79,45669.99
05-10-2021,REVERSE E-TFR FEE   ,,1.5,45671.49
05-10-2021,E-TRANSFER CA***y4G ,,165,45836.49
05-10-2021,E-TRANSFER CA***kTz ,,400,46236.49
05-10-2021,CAD DRAFT 94781766  ,25009.95,,21226.54
05-10-2021,E-TRANSFER CA***8cy ,,830,22056.54
05-10-2021,E-TRANSFER CA***tNJ ,,650,22706.54
05-10-2021,E-TRANSFER CA***Nh8 ,,500,23206.54
05-10-2021,E-TRANSFER CA***vs9 ,,3000,26206.54
05-10-2021,E-TRANSFER CA***tXG ,,655,26861.54
05-10-2021,E-TRANSFER CA***ffp ,,10,26871.54
05-11-2021,E-TRANSFER CA***gej ,,1600,28471.54
05-11-2021,E-TRANSFER CA***fGC ,,1000,29471.54
05-11-2021,E-TRANSFER CA***CbF ,,400,29871.54
05-11-2021,E-TRANSFER CA***dD8 ,,105,29976.54
05-11-2021,E-TRANSFER CA***YPU ,,100,30076.54
05-11-2021,TRANSFER            ,3000,,27076.54
05-11-2021,E-TRANSFER CA***TQ4 ,,200,27276.54
05-11-2021,E-TRANSFER CA***wzm ,,150,27426.54
05-11-2021,E-TRANSFER CA***zKt ,,163,27589.54
05-12-2021,E-TRANSFER CA***MFR ,,2500,30089.54
05-12-2021,E-TRANSFER CA***Cpg ,,1,30090.54
05-12-2021,E-TRANSFER CA***Pe3 ,,49,30139.54
05-12-2021,SEND E-TFR CA***QkW ,2500,,27639.54
05-12-2021,E-TRANSFER CA***H8h ,,1545,29184.54
05-12-2021,CAD DRAFT 94781835  ,20009.95,,9174.59
05-12-2021,E-TRANSFER CA***7hu ,,2999,12173.59
05-12-2021,E-TRANSFER CA***nj9 ,,300,12473.59
05-12-2021,E-TRANSFER CA***yEa ,,35,12508.59
05/13/2021,E-TRANSFER CA***Jr4 ,,400,12908.59
05/14/2021,E-TRANSFER CA***ETt ,,2999,15907.59
05/14/2021,E-TRANSFER CA***2Uh ,,1000,16907.59
05/14/2021,E-TRANSFER CA***VXd ,,30,16937.59
05/14/2021,E-TRANSFER CA***RNf ,,50,16987.59
05/14/2021,E-TRANSFER CA***78n ,,300,17287.59
05/14/2021,E-TRANSFER CA***aMS ,,76,17363.59
05/14/2021,E-TRANSFER CA***uPN ,,245,17608.59
05/17/2021,E-TRANSFER CA***y3M ,,1000,18608.59
05/17/2021,E-TRANSFER CA***En5 ,,1000,19608.59
05/17/2021,E-TRANSFER CA***a9M ,,245,19853.59
05/17/2021,E-TRANSFER CA***wxQ ,,2370,22223.59
05/17/2021,E-TRANSFER CA***8Kp ,,1650,23873.59
05/17/2021,E-TRANSFER CA***CmZ ,,170,24043.59
05/17/2021,E-TRANSFER CA***h7e ,,500,24543.59
05/17/2021,E-TRANSFER CA***P3K ,,488,25031.59
05/17/2021,E-TRANSFER CA***76U ,,244,25275.59
05/17/2021,E-TRANSFER CA***GRw ,,300,25575.59
05/17/2021,E-TRANSFER CA***prh ,,100,25675.59
05/17/2021,E-TRANSFER CA***HB9 ,,660,26335.59
05/17/2021,E-TRANSFER CA***kuw ,,500,26835.59
05/17/2021,E-TRANSFER CA***DB5 ,,10,26845.59
05/17/2021,E-TRANSFER CA***QRd ,,164,27009.59
05/17/2021,E-TRANSFER CA***jZ8 ,,1600,28609.59
05/17/2021,E-TRANSFER CA***yQV ,,10,28619.59
05/17/2021,E-TRANSFER CA***Zcn ,,20,28639.59
05/17/2021,E-TRANSFER CA***k9V ,,80,28719.59
05/17/2021,E-TRANSFER CA***FAQ ,,63,28782.59
05/17/2021,E-TRANSFER CA***4mR ,,200,28982.59
05/17/2021,E-TRANSFER CA***qtd ,,82,29064.59
05/17/2021,E-TRANSFER CA***zZg ,,700,29764.59
05/17/2021,E-TRANSFER CA***jzz ,,1635,31399.59
05/17/2021,E-TRANSFER CA***mcM ,,200,31599.59
05/17/2021,E-TRANSFER CA***Fen ,,20,31619.59
05/17/2021,E-TRANSFER CA***gRk ,,817,32436.59
05/17/2021,E-TRANSFER CA***T29 ,,170,32606.59
05/17/2021,E-TRANSFER CA***xYE ,,1200,33806.59
05/17/2021,E-TRANSFER CA***TEP ,,1000,34806.59
05/17/2021,E-TRANSFER CA***8rn ,,230,35036.59
05/17/2021,E-TRANSFER CA***skS ,,999,36035.59
05/17/2021,E-TRANSFER CA***mWd ,,200,36235.59
05/17/2021,E-TRANSFER CA***JeG ,,2000,38235.59
05/17/2021,E-TRANSFER CA***mJe ,,1000,39235.59
05/17/2021,E-TRANSFER CA***35T ,,635,39870.59
05/17/2021,E-TRANSFER CA***gq8 ,,1800,41670.59
05/17/2021,E-TRANSFER CA***8DQ ,,163,41833.59
05/17/2021,E-TRANSFER CA***8Jy ,,10,41843.59
05/17/2021,E-TRANSFER CA***yTa ,,2990,44833.59
05/17/2021,E-TRANSFER CA***mGm ,,10,44843.59
05/17/2021,E-TRANSFER CA***gKR ,,25,44868.59
05/17/2021,CAD DRAFT 94781915  ,25009.95,,19858.64
05/17/2021,CASH WITHDRAWAL     ,260,,19598.64
05/17/2021,E-TRANSFER CA***cAt ,,2500,22098.64
05/17/2021,E-TRANSFER CA***snf ,,720,22818.64
05/17/2021,E-TRANSFER CA***RTy ,,1,22819.64
05/17/2021,E-TRANSFER CA***D6J ,,330.08,23149.72
05/17/2021,E-TRANSFER CA***MjW ,,3000,26149.72
05/17/2021,E-TRANSFER CA***UMe ,,245,26394.72
05/17/2021,E-TRANSFER CA***8Fb ,,100,26494.72
05/17/2021,E-TRANSFER CA***cQH ,,1700,28194.72
05/17/2021,E-TRANSFER CA***Mrc ,,1000,29194.72
05/17/2021,E-TRANSFER CA***nBD ,,2000,31194.72
05/17/2021,E-TRANSFER CA***GqJ ,,500,31694.72
05/17/2021,E-TRANSFER CA***5QK ,,250,31944.72
05/17/2021,E-TRANSFER CA***tSC ,,50,31994.72
05/17/2021,E-TRANSFER CA***aK7 ,,50,32044.72
05/17/2021,E-TRANSFER CA***AjP ,,350,32394.72
05/17/2021,E-TRANSFER CA***mKk ,,2999,35393.72
05/17/2021,E-TRANSFER CA***Nph ,,140,35533.72
05/17/2021,E-TRANSFER CA***MuB ,,200,35733.72
05/17/2021,E-TRANSFER CA***HdH ,,325,36058.72
05/18/2021,E-TRANSFER CA***m6N ,,245,36303.72
05/18/2021,E-TRANSFER CA***w2Q ,,10,36313.72
05/18/2021,E-TRANSFER CA***Fsq ,,1800,38113.72
05/18/2021,E-TRANSFER CA***csG ,,750,38863.72
05/18/2021,SEND E-TFR CA***zN8 ,3000,,35863.72
05/18/2021,E-TRANSFER CA***ghm ,,250,36113.72
05/18/2021,E-TRANSFER CA***hZK ,,100,36213.72
05/18/2021,E-TRANSFER CA***VzU ,,1900,38113.72
05/18/2021,E-TRANSFER CA***rmG ,,1000,39113.72
05/18/2021,E-TRANSFER CA***5te ,,50,39163.72
05/18/2021,E-TRANSFER CA***xTD ,,49,39212.72
05/18/2021,E-TRANSFER CA***nrq ,,20,39232.72
05/18/2021,E-TRANSFER CA***FDm ,,800,40032.72
05/18/2021,E-TRANSFER CA***HW7 ,,1600,41632.72
05/18/2021,E-TRANSFER CA***YHP ,,100,41732.72
05/19/2021,E-TRANSFER CA***CXF ,,3000,44732.72
05/19/2021,E-TRANSFER CA***UE2 ,,1300,46032.72
05/19/2021,E-TRANSFER CA***jNv ,,150,46182.72
05/19/2021,E-TRANSFER CA***RJT ,,500,46682.72
05/19/2021,E-TRANSFER CA***y4R ,,1000,47682.72
05/19/2021,E-TRANSFER CA***4Du ,,130,47812.72
05/19/2021,E-TRANSFER CA***yQR ,,343.78,48156.5
05/19/2021,E-TRANSFER CA***HDD ,,1000,49156.5
05/19/2021,E-TRANSFER CA***QRK ,,100,49256.5
05/19/2021,E-TRANSFER CA***wSR ,,1,49257.5
05/19/2021,E-TRANSFER CA***Q9A ,,100,49357.5
05/19/2021,E-TRANSFER CA***tEV ,,1,49358.5
05/19/2021,E-TRANSFER CA***u9N ,,850,50208.5
05/19/2021,E-TRANSFER CA***ZKb ,,1145,51353.5
05/19/2021,E-TRANSFER CA***V2M ,,1300,52653.5
05/19/2021,WIRE TO CUSTOMER    ,45000,,7653.5
05/19/2021,GC 8181-CASH WITHDRA,50,,7603.5
05/19/2021,E-TRANSFER CA***rpt ,,90,7693.5
05/19/2021,E-TRANSFER CA***T2E ,,820,8513.5
05/19/2021,E-TRANSFER CA***btG ,,1,8514.5
05/19/2021,E-TRANSFER CA***ZuJ ,,1233,9747.5
05/19/2021,E-TRANSFER CA***vBh ,,292,10039.5
05/19/2021,E-TRANSFER CA***HZY ,,500,10539.5
05/19/2021,E-TRANSFER CA***C8g ,,100,10639.5
05/19/2021,E-TRANSFER CA***5X6 ,,100,10739.5
05/19/2021,E-TRANSFER CA***nge ,,400,11139.5
05/19/2021,E-TRANSFER CA***APH ,,2999,14138.5
05/19/2021,E-TRANSFER CA***fDD ,,10,14148.5
05/20/2021,E-TRANSFER CA***4xX ,,800,14948.5
05/20/2021,E-TRANSFER CA***qYA ,,500,15448.5
05/20/2021,E-TRANSFER CA***4sB ,,1000,16448.5
05/20/2021,E-TRANSFER CA***gXv ,,800,17248.5
05/20/2021,E-TRANSFER CA***mRG ,,100,17348.5
05/20/2021,E-TRANSFER CA***AYU ,,100,17448.5
05/20/2021,E-TRANSFER CA***Jdp ,,2750,20198.5
05/20/2021,E-TRANSFER CA***uz7 ,,600,20798.5
05/20/2021,E-TRANSFER CA***R4S ,,330,21128.5
05/20/2021,E-TRANSFER CA***ft5 ,,2000,23128.5
05/20/2021,E-TRANSFER CA***Ach ,,1000,24128.5
05/20/2021,E-TRANSFER CA***BWq ,,5,24133.5
05/20/2021,E-TRANSFER CA***8TN ,,1000,25133.5
05/20/2021,E-TRANSFER CA***6XY ,,2550,27683.5
05/20/2021,E-TRANSFER CA***AAs ,,200,27883.5
05/20/2021,E-TRANSFER CA***CTk ,,500,28383.5
05/20/2021,E-TRANSFER CA***vxa ,,200,28583.5
05/20/2021,E-TRANSFER CA***M68 ,,860,29443.5
05/20/2021,E-TRANSFER CA***unU ,,600,30043.5
05/20/2021,E-TRANSFER CA***KBu ,,800,30843.5
05/20/2021,E-TRANSFER CA***EsG ,,260,31103.5
05/20/2021,E-TRANSFER CA***tCD ,,20,31123.5
05/20/2021,E-TRANSFER CA***fd6 ,,100,31223.5
05/20/2021,E-TRANSFER CA***5FG ,,20,31243.5
05/20/2021,WIRE TO CUSTOMER    ,20050,,11193.5
05/20/2021,E-TRANSFER CA***eJV ,,220,11413.5
05/20/2021,E-TRANSFER CA***pR4 ,,2000,13413.5
05/20/2021,E-TRANSFER CA***VAN ,,163,13576.5
05/20/2021,E-TRANSFER CA***44R ,,1,13577.5
05/20/2021,E-TRANSFER CA***98C ,,500,14077.5
05/20/2021,E-TRANSFER CA***5gR ,,813,14890.5
05/20/2021,E-TRANSFER CA***bW5 ,,2000,16890.5
05/20/2021,E-TRANSFER CA***UGm ,,99,16989.5
05/20/2021,E-TRANSFER CA***SX3 ,,15,17004.5
05/20/2021,E-TRANSFER CA***wJB ,,2000,19004.5
05/21/2021,E-TRANSFER CA***jb5 ,,81,19085.5
05/21/2021,E-TRANSFER CA***C2j ,,820,19905.5
05/21/2021,E-TRANSFER CA***qn6 ,,500,20405.5
05/21/2021,E-TRANSFER CA***qyS ,,50,20455.5
05/21/2021,E-TRANSFER CA***uBB ,,165,20620.5
05/21/2021,E-TRANSFER CA***hdR ,,1007,21627.5
05/21/2021,E-TRANSFER CA***FqW ,,100,21727.5
05/21/2021,E-TRANSFER CA***Kck ,,100,21827.5
05/21/2021,E-TRANSFER CA***wsg ,,200,22027.5
05/21/2021,E-TRANSFER CA***Xfm ,,616,22643.5
05/21/2021,E-TRANSFER CA***j4r ,,190,22833.5
05/21/2021,E-TRANSFER CA***NnN ,,300,23133.5
05/21/2021,E-TRANSFER CA***WFT ,,1980,25113.5
05/21/2021,210521S2326500WIRE  ,,982.5,26096
05/21/2021,E-TRANSFER CA***Uuk ,,3000,29096
05/21/2021,E-TRANSFER CA***Cah ,,3000,32096
05/21/2021,E-TRANSFER CA***4Sd ,,1000,33096
05/21/2021,E-TRANSFER CA***zYD ,,3000,36096
05/21/2021,E-TRANSFER CA***Q8P ,,3000,39096
05/21/2021,E-TRANSFER CA***S5k ,,200,39296
05/21/2021,E-TRANSFER CA***YuQ ,,3000,42296
05/21/2021,E-TRANSFER CA***73t ,,500,42796
05/21/2021,E-TRANSFER CA***GdW ,,250,43046
05/21/2021,WIRE TO CUSTOMER    ,40050,,2996
05/21/2021,E-TRANSFER CA***5jN ,,82,3078
05/21/2021,E-TRANSFER CA***6KX ,,10,3088
05/21/2021,E-TRANSFER CA***vFC ,,3000,6088
05/21/2021,E-TRANSFER CA***fna ,,50,6138
05/21/2021,E-TRANSFER CA***vyg ,,250,6388
05/21/2021,E-TRANSFER CA***AVw ,,2999,9387
05/21/2021,E-TRANSFER CA***D2n ,,1220,10607
05/21/2021,E-TRANSFER CA***brV ,,196,10803
05/25/2021,E-TRANSFER CA***5Pc ,,165,10968
05/25/2021,E-TRANSFER CA***MRw ,,850,11818
05/25/2021,E-TRANSFER CA***THN ,,200,12018
05/25/2021,E-TRANSFER CA***YJx ,,160,12178
05/25/2021,E-TRANSFER CA***g59 ,,976,13154
05/25/2021,E-TRANSFER CA***G85 ,,2400,15554
05/25/2021,E-TRANSFER CA***2En ,,500,16054
05/25/2021,E-TRANSFER CA***VhW ,,50,16104
05/25/2021,E-TRANSFER CA***GgW ,,60,16164
05/25/2021,E-TRANSFER CA***4MY ,,60,16224
05/25/2021,E-TRANSFER CA***2G4 ,,162.53,16386.53
05/25/2021,E-TRANSFER CA***vPk ,,1625,18011.53
05/25/2021,E-TRANSFER CA***jbu ,,1630,19641.53
05/25/2021,E-TRANSFER CA***Byy ,,1050,20691.53
05/25/2021,E-TRANSFER CA***B26 ,,150,20841.53
05/25/2021,E-TRANSFER CA***T7d ,,82,20923.53
05/25/2021,E-TRANSFER CA***Bdj ,,50,20973.53
05/25/2021,E-TRANSFER CA***k3U ,,5,20978.53
05/25/2021,E-TRANSFER CA***tVx ,,326,21304.53
05/25/2021,E-TRANSFER CA***aQB ,,110,21414.53
05/25/2021,E-TRANSFER CA***mfF ,,1626,23040.53
05/25/2021,E-TRANSFER CA***r9m ,,500,23540.53
05/25/2021,E-TRANSFER CA***8hJ ,,1000,24540.53
05/25/2021,E-TRANSFER CA***FVH ,,3000,27540.53
05/25/2021,E-TRANSFER CA***xsB ,,1000,28540.53
05/25/2021,E-TRANSFER CA***t3s ,,1000,29540.53
05/25/2021,E-TRANSFER CA***8Th ,,10,29550.53
05/25/2021,E-TRANSFER CA***q2G ,,100,29650.53
05/25/2021,E-TRANSFER CA***FEm ,,500,30150.53
05/25/2021,E-TRANSFER CA***RXZ ,,1000,31150.53
05/25/2021,E-TRANSFER CA***6FX ,,1630,32780.53
05/25/2021,E-TRANSFER CA***tej ,,330,33110.53
05/25/2021,E-TRANSFER CA***QaC ,,1640,34750.53
05/25/2021,E-TRANSFER CA***fwD ,,1,34751.53
05/25/2021,E-TRANSFER CA***wJE ,,0.27,34751.8
05/25/2021,E-TRANSFER CA***s6Q ,,300,35051.8
05/25/2021,E-TRANSFER CA***nqp ,,1280,36331.8
05/25/2021,E-TRANSFER CA***MSW ,,1,36332.8
05/25/2021,E-TRANSFER CA***Dfc ,,200,36532.8
05/25/2021,E-TRANSFER CA***TX8 ,,100,36632.8
05/25/2021,E-TRANSFER CA***2tm ,,15,36647.8
05/25/2021,E-TRANSFER CA***npy ,,85,36732.8
05/25/2021,E-TRANSFER CA***5p3 ,,1650,38382.8
05/25/2021,E-TRANSFER CA***CPr ,,160,38542.8
05/25/2021,E-TRANSFER CA***FwQ ,,400,38942.8
05/25/2021,E-TRANSFER CA***jxy ,,81,39023.8
05/25/2021,E-TRANSFER CA***ZVX ,,812,39835.8
05/25/2021,E-TRANSFER CA***Efx ,,150,39985.8
05/25/2021,E-TRANSFER CA***Wzd ,,1624,41609.8
05/25/2021,E-TRANSFER CA***Qct ,,400,42009.8
05/25/2021,E-TRANSFER CA***vSz ,,1625,43634.8
05/25/2021,E-TRANSFER CA***QNb ,,600,44234.8
05/25/2021,E-TRANSFER CA***uK9 ,,800,45034.8
05/25/2021,E-TRANSFER CA***Yt6 ,,200,45234.8
05/25/2021,E-TRANSFER CA***vz4 ,,500,45734.8
05/25/2021,E-TRANSFER CA***Y6c ,,1000,46734.8
05/25/2021,E-TRANSFER CA***GE7 ,,100,46834.8
05/25/2021,E-TRANSFER CA***dQU ,,110,46944.8
05/25/2021,E-TRANSFER CA***t8x ,,700,47644.8
05/25/2021,E-TRANSFER CA***RhZ ,,150,47794.8
05/25/2021,WIRE TO CUSTOMER    ,45050,,2744.8
05/25/2021,E-TRANSFER CA***NST ,,200,2944.8
05/25/2021,E-TRANSFER CA***Ydw ,,40,2984.8
05/25/2021,E-TRANSFER CA***Fyf ,,5,2989.8
05/25/2021,E-TRANSFER CA***ubc ,,800,3789.8
05/25/2021,E-TRANSFER CA***m6v ,,500,4289.8
05/25/2021,E-TRANSFER CA***kDY ,,1600,5889.8
05/25/2021,E-TRANSFER CA***GM3 ,,1200,7089.8
05/25/2021,E-TRANSFER CA***SBQ ,,125,7214.8
05/25/2021,E-TRANSFER CA***sJK ,,1000,8214.8
05/26/2021,E-TRANSFER CA***kbU ,,210,8424.8
05/26/2021,E-TRANSFER CA***h3T ,,250,8674.8
05/26/2021,E-TRANSFER CA***smm ,,1000,9674.8
05/26/2021,E-TRANSFER CA***EmU ,,30,9704.8
05/26/2021,E-TRANSFER CA***Znt ,,2000,11704.8
05/26/2021,E-TRANSFER CA***Y4C ,,1000,12704.8
05/26/2021,E-TRANSFER CA***DhY ,,500,13204.8
05/26/2021,E-TRANSFER CA***qAy ,,320,13524.8
05/26/2021,E-TRANSFER CA***erq ,,1910,15434.8
05/26/2021,E-TRANSFER CA***Xzp ,,163.82,15598.62
05/26/2021,E-TRANSFER CA***8sj ,,0.5,15599.12
05/26/2021,E-TRANSFER CA***w5w ,,0.1,15599.22
05/26/2021,E-TRANSFER CA***aqT ,,300,15899.22
05/26/2021,E-TRANSFER CA***YJD ,,500,16399.22
05/26/2021,E-TRANSFER CA***mR9 ,,300,16699.22
05/26/2021,E-TRANSFER CA***BhU ,,300,16999.22
05/26/2021,E-TRANSFER CA***xcu ,,500,17499.22
05/26/2021,E-TRANSFER CA***w8x ,,500,17999.22
05/26/2021,E-TRANSFER CA***trX ,,500,18499.22
05/26/2021,E-TRANSFER CA***TJ7 ,,300,18799.22
05/26/2021,E-TRANSFER CA***Jtb ,,820,19619.22
05/26/2021,E-TRANSFER CA***UsX ,,400,20019.22
05/26/2021,E-TRANSFER CA***Tpz ,,99,20118.22
05/26/2021,E-TRANSFER CA***38x ,,1650,21768.22
05/26/2021,E-TRANSFER CA***hU5 ,,500,22268.22
05/26/2021,E-TRANSFER CA***Ccy ,,100,22368.22
05/26/2021,E-TRANSFER CA***zdC ,,457,22825.22
05/26/2021,E-TRANSFER CA***rxe ,,300,23125.22
05/26/2021,E-TRANSFER CA***sCj ,,100,23225.22
05/27/2021,E-TRANSFER CA***62W ,,5,23230.22
05/27/2021,E-TRANSFER CA***GB9 ,,999,24229.22
05/27/2021,E-TRANSFER CA***8Z5 ,,815,25044.22
05/27/2021,E-TRANSFER CA***n5p ,,1000,26044.22
05/27/2021,E-TRANSFER CA***V63 ,,400,26444.22
05/27/2021,E-TRANSFER CA***eQZ ,,500,26944.22
05/27/2021,E-TRANSFER CA***Es9 ,,3000,29944.22
05/27/2021,E-TRANSFER CA***DSk ,,326.39,30270.61
05/27/2021,E-TRANSFER CA***dZk ,,3000,33270.61
05/27/2021,E-TRANSFER CA***QCW ,,1000,34270.61
05/27/2021,E-TRANSFER CA***48a ,,3000,37270.61
05/27/2021,WIRE TO CUSTOMER    ,35050,,2220.61
05/27/2021,E-TRANSFER CA***GhG ,,200,2420.61
05/27/2021,E-TRANSFER CA***Vkc ,,945.52,3366.13
05/27/2021,E-TRANSFER CA***XHU ,,2000,5366.13
05/28/2021,E-TRANSFER CA***bS3 ,,115,5481.13
05/28/2021,E-TRANSFER CA***mze ,,2000,7481.13
05/28/2021,E-TRANSFER CA***CXa ,,2000,9481.13
05/28/2021,E-TRANSFER CA***Msa ,,50,9531.13
05/28/2021,E-TRANSFER CA***whk ,,1000,10531.13
05/28/2021,E-TRANSFER CA***rRK ,,500,11031.13
05/28/2021,E-TRANSFER CA***KFH ,,100,11131.13
05/28/2021,E-TRANSFER CA***Rnn ,,35,11166.13
05/28/2021,E-TRANSFER CA***CeV ,,200,11366.13
05/28/2021,E-TRANSFER CA***qrK ,,999,12365.13
05/28/2021,E-TRANSFER CA***d4R ,,819.66,13184.79
05/28/2021,E-TRANSFER CA***SNQ ,,200,13384.79
05/28/2021,E-TRANSFER CA***8KD ,,650,14034.79
05/28/2021,E-TRANSFER CA***6Fc ,,999,15033.79
05/28/2021,E-TRANSFER CA***8Yz ,,2000,17033.79
05/28/2021,E-TRANSFER CA***FZa ,,20,17053.79
05/28/2021,E-TRANSFER CA***byj ,,500,17553.79
05/28/2021,E-TRANSFER CA***UUW ,,185,17738.79
05/28/2021,E-TRANSFER CA***S9q ,,10,17748.79
05/28/2021,E-TRANSFER CA***566 ,,328,18076.79
05/28/2021,E-TRANSFER CA***3xZ ,,1637.79,19714.58
05/28/2021,E-TRANSFER CA***5Gg ,,200,19914.58
