04/26/2021,E-TRANSFER CA***nUJ ,,200.00,4228.91
04/26/2021,E-TRANSFER CA***Ycs ,,170.00,4398.91
04/26/2021,E-TRANSFER CA***2v5 ,,2000.00,6398.91
04/26/2021,E-TRANSFER CA***tY7 ,,700.00,7098.91
04/26/2021,E-TRANSFER CA***agx ,,100.00,7198.91
04/26/2021,E-TRANSFER CA***qvJ ,,10.00,7208.91
04/26/2021,E-TRANSFER CA***q3u ,,800.00,8008.91
04/26/2021,E-TRANSFER CA***7wP ,,100.00,8108.91
04/26/2021,SEND E-TFR CA***Gxv ,2.00,,8106.91
04/26/2021,SEND E-TFR FEE      ,1.50,,8105.41
04/26/2021,SEND E-TFR CA***6Vm ,105.00,,8000.41
04/26/2021,SEND E-TFR FEE      ,1.50,,7998.91
04/26/2021,E-TRANSFER CA***NeH ,,820.00,8818.91
04/26/2021,E-TRANSFER CA***ZTj ,,85.00,8903.91
04/27/2021,REGISTRY ON WYE     ,20.00,,8883.91
04/28/2021,SEND E-TFR CA***AVa ,3000.00,,5883.91
04/28/2021,SEND E-TFR FEE      ,1.50,,5882.41
04/28/2021,E-TRANSFER CA***2XB ,,3000.00,8882.41
04/28/2021,E-TRANSFER CA***MQM ,,1000.00,9882.41
04/28/2021,E-TRANSFER CA***9kf ,,100.00,9982.41
04/28/2021,E-TRANSFER CA***SNy ,,300.00,10282.41
04/29/2021,DEPOSIT             ,,45627.63,55910.04
04/29/2021,WIRE TO CUSTOMER    ,20000.00,,35910.04
04/29/2021,CASH WITHDRAWAL     ,50.00,,35860.04
04/29/2021,E-TRANSFER CA***cGT ,,100.00,35960.04
04/29/2021,E-TRANSFER CA***7ne ,,2630.00,38590.04
04/29/2021,E-TRANSFER CA***vVF ,,21.00,38611.04
04/29/2021,E-TRANSFER CA***r9C ,,5.00,38616.04
04/30/2021,E-TRANSFER CA***dGZ ,,1.00,38617.04
04/30/2021,E-TRANSFER CA***ggd ,,500.00,39117.04
04/30/2021,E-TRANSFER CA***FAq ,,500.00,39617.04
04/30/2021,E-TRANSFER CA***wq3 ,,100.00,39717.04
04/30/2021,E-TRANSFER CA***htr ,,1000.00,40717.04
04/30/2021,E-TRANSFER CA***4mC ,,100.00,40817.04
04/30/2021,E-TRANSFER CA***HZp ,,2500.00,43317.04
04/30/2021,E-TRANSFER CA***x4Y ,,2300.00,45617.04
04/30/2021,E-TRANSFER CA***X6t ,,200.00,45817.04
04/30/2021,E-TRANSFER CA***Ff2 ,,30.00,45847.04
04/30/2021,E-TRANSFER CA***Gux ,,950.00,46797.04
04/30/2021,E-TRANSFER CA***VR7 ,,170.00,46967.04
04/30/2021,E-TRANSFER CA***seZ ,,500.00,47467.04
04/30/2021,E-TRANSFER CA***C9M ,,300.00,47767.04
04/30/2021,E-TRANSFER CA***Sfh ,,100.00,47867.04
04/30/2021,E-TRANSFER CA***njn ,,2000.00,49867.04
04/30/2021,E-TRANSFER CA***FJB ,,400.00,50267.04
04/30/2021,E-TRANSFER CA***ZR8 ,,20.00,50287.04
04/30/2021,E-TRANSFER CA***Npc ,,1000.00,51287.04
04/30/2021,E-TRANSFER CA***7BZ ,,200.00,51487.04
04/30/2021,E-TRANSFER CA***XEe ,,5.00,51492.04
04/30/2021,E-TRANSFER CA***ZFn ,,5.00,51497.04
04/30/2021,MONTHLY PLAN FEE    ,5.00,,51492.04
04/30/2021,SERVICE CHARGE      ,200.00,,51292.04
05/03/2021,SEND E-TFR CA***BSg ,100.00,,51192.04
05/03/2021,E-TRANSFER CA***SAf ,,1000.00,52192.04
05/03/2021,E-TRANSFER CA***MEY ,,812.52,53004.56
05/03/2021,E-TRANSFER CA***XQc ,,100.00,53104.56
05/03/2021,E-TRANSFER CA***Zes ,,162.00,53266.56
05/03/2021,E-TRANSFER CA***s4p ,,130.00,53396.56
05/03/2021,E-TRANSFER CA***wPu ,,800.00,54196.56
05/03/2021,E-TRANSFER CA***3B3 ,,823.00,55019.56
05/03/2021,E-TRANSFER CA***new ,,800.00,55819.56
05/03/2021,E-TRANSFER CA***PVx ,,650.00,56469.56
05/03/2021,E-TRANSFER CA***HUn ,,1800.00,58269.56
05/03/2021,E-TRANSFER CA***5Au ,,80.00,58349.56
05/03/2021,E-TRANSFER CA***QFm ,,105.00,58454.56
05/03/2021,E-TRANSFER CA***Bcn ,,5.00,58459.56
05/03/2021,E-TRANSFER CA***T7N ,,100.00,58559.56
05/03/2021,E-TRANSFER CA***9a6 ,,1645.00,60204.56
05/03/2021,E-TRANSFER CA***4Z6 ,,165.00,60369.56
05/03/2021,E-TRANSFER CA***VKr ,,251.00,60620.56
05/03/2021,E-TRANSFER CA***naD ,,1645.00,62265.56
05/03/2021,E-TRANSFER CA***fQp ,,10.00,62275.56
05/03/2021,SEND E-TFR CA***CHW ,5.00,,62270.56
05/03/2021,E-TRANSFER CA***Cex ,,100.00,62370.56
05/03/2021,E-TRANSFER CA***Uds ,,3000.00,65370.56
05/03/2021,E-TRANSFER CA***Rkv ,,200.00,65570.56
05/03/2021,E-TRANSFER CA***9VZ ,,193.33,65763.89
05/03/2021,E-TRANSFER CA***K67 ,,50.00,65813.89
05/03/2021,E-TRANSFER CA***FeY ,,84.00,65897.89
05/03/2021,E-TRANSFER CA***hDH ,,200.00,66097.89
05/03/2021,E-TRANSFER CA***FqA ,,100.00,66197.89
05/03/2021,E-TRANSFER CA***7su ,,400.00,66597.89
05/03/2021,E-TRANSFER CA***amp ,,100.00,66697.89
05/03/2021,E-TRANSFER CA***dCF ,,200.00,66897.89
05/03/2021,E-TRANSFER CA***Seh ,,1000.00,67897.89
05/03/2021,E-TRANSFER CA***dEg ,,260.00,68157.89
05/03/2021,E-TRANSFER CA***Dv3 ,,500.00,68657.89
05/03/2021,E-TRANSFER CA***ttJ ,,230.00,68887.89
05/03/2021,E-TRANSFER CA***QpX ,,2000.00,70887.89
05/03/2021,E-TRANSFER CA***Sun ,,500.00,71387.89
05/03/2021,E-TRANSFER CA***Exk ,,2500.00,73887.89
05/03/2021,E-TRANSFER CA***w9M ,,400.00,74287.89
05/03/2021,E-TRANSFER CA***2Z3 ,,580.00,74867.89
05/03/2021,CAD DRAFT 94781622  ,25059.95,,49807.94
05/03/2021,E-TRANSFER CA***bTr ,,50.00,49857.94
05/04/2021,E-TRANSFER CA***Cnm ,,20.00,49877.94
05/04/2021,E-TRANSFER CA***f38 ,,1000.00,50877.94
05/04/2021,E-TRANSFER CA***SBq ,,827.00,51704.94
05/04/2021,E-TRANSFER CA***wau ,,354.00,52058.94
05/04/2021,E-TRANSFER CA***2c6 ,,500.00,52558.94
05/04/2021,E-TRANSFER CA***A9F ,,1000.00,53558.94
05/04/2021,E-TRANSFER CA***fAE ,,1580.00,55138.94
05/04/2021,E-TRANSFER CA***Z3u ,,250.00,55388.94
05/04/2021,E-TRANSFER CA***G9n ,,200.00,55588.94
05/05/2021,E-TRANSFER CA***rJz ,,25.00,55613.94
05/05/2021,E-TRANSFER CA***u9g ,,250.00,55863.94
05/05/2021,E-TRANSFER CA***Dmv ,,1000.00,56863.94
05/05/2021,E-TRANSFER CA***tyP ,,25.00,56888.94
05/05/2021,E-TRANSFER CA***mAG ,,250.00,57138.94
05/05/2021,E-TRANSFER CA***Eex ,,660.00,57798.94
05/05/2021,E-TRANSFER CA***URm ,,1650.00,59448.94
05/05/2021,E-TRANSFER CA***2TF ,,1645.00,61093.94
05/05/2021,E-TRANSFER CA***Rkw ,,2500.00,63593.94
05/05/2021,E-TRANSFER CA***MrB ,,900.00,64493.94
05/05/2021,E-TRANSFER CA***sFw ,,2000.00,66493.94
05/05/2021,E-TRANSFER CA***pdB ,,300.00,66793.94
05/06/2021,E-TRANSFER CA***Ds8 ,,75.00,66868.94
05/06/2021,E-TRANSFER CA***DKW ,,10.00,66878.94
05/06/2021,E-TRANSFER CA***wQU ,,246.00,67124.94
05/06/2021,E-TRANSFER CA***MNH ,,2000.00,69124.94
05/06/2021,CAD DRAFT 94781696  ,25009.95,,44114.99
05/06/2021,WIRE TO CUSTOMER    ,25050.00,,19064.99
05/06/2021,E-TRANSFER CA***Y84 ,,3270.00,22334.99
05/06/2021,E-TRANSFER CA***EWJ ,,90.00,22424.99
05/06/2021,E-TRANSFER CA***4NE ,,500.00,22924.99
05/06/2021,E-TRANSFER CA***p3K ,,1000.00,23924.99
05/06/2021,E-TRANSFER CA***W2k ,,177.00,24101.99
05/06/2021,E-TRANSFER CA***9ED ,,50.00,24151.99
05/06/2021,E-TRANSFER CA***UtU ,,400.00,24551.99
05/06/2021,E-TRANSFER CA***j5U ,,1000.00,25551.99
05/06/2021,E-TRANSFER CA***Qmf ,,100.00,25651.99
05/07/2021,E-TRANSFER CA***rdN ,,2000.00,27651.99
05/07/2021,E-TRANSFER CA***Cfe ,,1100.00,28751.99
05/07/2021,E-TRANSFER CA***8zB ,,10.00,28761.99
05/07/2021,E-TRANSFER CA***SYH ,,1650.00,30411.99
05/07/2021,E-TRANSFER CA***eKX ,,1450.00,31861.99
05/07/2021,SEND E-TFR CA***z7Y ,2000.00,,29861.99
05/07/2021,SEND E-TFR FEE      ,1.50,,29860.49
05/07/2021,E-TRANSFER CA***V3x ,,1000.00,30860.49
05/07/2021,E-TRANSFER CA***Rfe ,,80.00,30940.49
05/07/2021,E-TRANSFER CA***jUg ,,1000.00,31940.49
05/07/2021,E-TRANSFER CA***XHE ,,409.00,32349.49
05/07/2021,E-TRANSFER CA***aku ,,200.00,32549.49
05/07/2021,E-TRANSFER CA***Jw8 ,,26.50,32575.99
05/07/2021,E-TRANSFER CA***aNX ,,1635.00,34210.99
05/07/2021,E-TRANSFER CA***rhR ,,493.00,34703.99
05/07/2021,E-TRANSFER CA***h7y ,,432.00,35135.99
05/10/2021,E-TRANSFER CA***qbT ,,99.00,35234.99
05/10/2021,E-TRANSFER CA***eyu ,,200.00,35434.99
05/10/2021,E-TRANSFER CA***a3B ,,70.00,35504.99
05/10/2021,E-TRANSFER CA***7Au ,,490.00,35994.99
05/10/2021,E-TRANSFER CA***FcB ,,1500.00,37494.99
05/10/2021,E-TRANSFER CA***2rR ,,561.00,38055.99
05/10/2021,E-TRANSFER CA***BKA ,,1500.00,39555.99
05/10/2021,E-TRANSFER CA***gaq ,,100.00,39655.99
05/10/2021,E-TRANSFER CA***Evp ,,300.00,39955.99
05/10/2021,E-TRANSFER CA***hFG ,,10.00,39965.99
05/10/2021,E-TRANSFER CA***7x9 ,,10.00,39975.99
05/10/2021,E-TRANSFER CA***8hT ,,3000.00,42975.99
05/10/2021,E-TRANSFER CA***95u ,,1000.00,43975.99
05/10/2021,E-TRANSFER CA***esy ,,250.00,44225.99
05/10/2021,E-TRANSFER CA***ZD5 ,,90.00,44315.99
05/10/2021,E-TRANSFER CA***2TT ,,10.00,44325.99
05/10/2021,E-TRANSFER CA***jmc ,,100.00,44425.99
05/10/2021,E-TRANSFER CA***hdQ ,,100.00,44525.99
05/10/2021,E-TRANSFER CA***xdN ,,100.00,44625.99
05/10/2021,E-TRANSFER CA***rEu ,,400.00,45025.99
05/10/2021,E-TRANSFER CA***gSw ,,250.00,45275.99
05/10/2021,E-TRANSFER CA***B3a ,,200.00,45475.99
05/10/2021,E-TRANSFER CA***cge ,,115.00,45590.99
05/10/2021,RECLAIM TFR CA***Kzy,,79.00,45669.99
05/10/2021,REVERSE E-TFR FEE   ,,1.50,45671.49
05/10/2021,E-TRANSFER CA***y4G ,,165.00,45836.49
05/10/2021,E-TRANSFER CA***kTz ,,400.00,46236.49
05/10/2021,CAD DRAFT 94781766  ,25009.95,,21226.54
05/10/2021,E-TRANSFER CA***8cy ,,830.00,22056.54
05/10/2021,E-TRANSFER CA***tNJ ,,650.00,22706.54
05/10/2021,E-TRANSFER CA***Nh8 ,,500.00,23206.54
05/10/2021,E-TRANSFER CA***vs9 ,,3000.00,26206.54
05/10/2021,E-TRANSFER CA***tXG ,,655.00,26861.54
05/10/2021,E-TRANSFER CA***ffp ,,10.00,26871.54
05/11/2021,E-TRANSFER CA***gej ,,1600.00,28471.54
05/11/2021,E-TRANSFER CA***fGC ,,1000.00,29471.54
05/11/2021,E-TRANSFER CA***CbF ,,400.00,29871.54
05/11/2021,E-TRANSFER CA***dD8 ,,105.00,29976.54
05/11/2021,E-TRANSFER CA***YPU ,,100.00,30076.54
05/11/2021,TRANSFER            ,3000.00,,27076.54
05/11/2021,E-TRANSFER CA***TQ4 ,,200.00,27276.54
05/11/2021,E-TRANSFER CA***wzm ,,150.00,27426.54
05/11/2021,E-TRANSFER CA***zKt ,,163.00,27589.54
05/12/2021,E-TRANSFER CA***MFR ,,2500.00,30089.54
05/12/2021,E-TRANSFER CA***Cpg ,,1.00,30090.54
05/12/2021,E-TRANSFER CA***Pe3 ,,49.00,30139.54
05/12/2021,SEND E-TFR CA***QkW ,2500.00,,27639.54
05/12/2021,E-TRANSFER CA***H8h ,,1545.00,29184.54
05/12/2021,CAD DRAFT 94781835  ,20009.95,,9174.59
05/12/2021,E-TRANSFER CA***7hu ,,2999.00,12173.59
05/12/2021,E-TRANSFER CA***nj9 ,,300.00,12473.59
05/12/2021,E-TRANSFER CA***yEa ,,35.00,12508.59
05/13/2021,E-TRANSFER CA***Jr4 ,,400.00,12908.59
05/14/2021,E-TRANSFER CA***ETt ,,2999.00,15907.59
05/14/2021,E-TRANSFER CA***2Uh ,,1000.00,16907.59
05/14/2021,E-TRANSFER CA***VXd ,,30.00,16937.59
05/14/2021,E-TRANSFER CA***RNf ,,50.00,16987.59
05/14/2021,E-TRANSFER CA***78n ,,300.00,17287.59
05/14/2021,E-TRANSFER CA***aMS ,,76.00,17363.59
05/14/2021,E-TRANSFER CA***uPN ,,245.00,17608.59
05/17/2021,E-TRANSFER CA***y3M ,,1000.00,18608.59
05/17/2021,E-TRANSFER CA***En5 ,,1000.00,19608.59
05/17/2021,E-TRANSFER CA***a9M ,,245.00,19853.59
05/17/2021,E-TRANSFER CA***wxQ ,,2370.00,22223.59
05/17/2021,E-TRANSFER CA***8Kp ,,1650.00,23873.59
05/17/2021,E-TRANSFER CA***CmZ ,,170.00,24043.59
05/17/2021,E-TRANSFER CA***h7e ,,500.00,24543.59
05/17/2021,E-TRANSFER CA***P3K ,,488.00,25031.59
05/17/2021,E-TRANSFER CA***76U ,,244.00,25275.59
05/17/2021,E-TRANSFER CA***GRw ,,300.00,25575.59
05/17/2021,E-TRANSFER CA***prh ,,100.00,25675.59
05/17/2021,E-TRANSFER CA***HB9 ,,660.00,26335.59
05/17/2021,E-TRANSFER CA***kuw ,,500.00,26835.59
05/17/2021,E-TRANSFER CA***DB5 ,,10.00,26845.59
05/17/2021,E-TRANSFER CA***QRd ,,164.00,27009.59
05/17/2021,E-TRANSFER CA***jZ8 ,,1600.00,28609.59
05/17/2021,E-TRANSFER CA***yQV ,,10.00,28619.59
05/17/2021,E-TRANSFER CA***Zcn ,,20.00,28639.59
05/17/2021,E-TRANSFER CA***k9V ,,80.00,28719.59
05/17/2021,E-TRANSFER CA***FAQ ,,63.00,28782.59
05/17/2021,E-TRANSFER CA***4mR ,,200.00,28982.59
05/17/2021,E-TRANSFER CA***qtd ,,82.00,29064.59
05/17/2021,E-TRANSFER CA***zZg ,,700.00,29764.59
05/17/2021,E-TRANSFER CA***jzz ,,1635.00,31399.59
05/17/2021,E-TRANSFER CA***mcM ,,200.00,31599.59
05/17/2021,E-TRANSFER CA***Fen ,,20.00,31619.59
05/17/2021,E-TRANSFER CA***gRk ,,817.00,32436.59
05/17/2021,E-TRANSFER CA***T29 ,,170.00,32606.59
05/17/2021,E-TRANSFER CA***xYE ,,1200.00,33806.59
05/17/2021,E-TRANSFER CA***TEP ,,1000.00,34806.59
05/17/2021,E-TRANSFER CA***8rn ,,230.00,35036.59
05/17/2021,E-TRANSFER CA***skS ,,999.00,36035.59
05/17/2021,E-TRANSFER CA***mWd ,,200.00,36235.59
05/17/2021,E-TRANSFER CA***JeG ,,2000.00,38235.59
05/17/2021,E-TRANSFER CA***mJe ,,1000.00,39235.59
05/17/2021,E-TRANSFER CA***35T ,,635.00,39870.59
05/17/2021,E-TRANSFER CA***gq8 ,,1800.00,41670.59
05/17/2021,E-TRANSFER CA***8DQ ,,163.00,41833.59
05/17/2021,E-TRANSFER CA***8Jy ,,10.00,41843.59
05/17/2021,E-TRANSFER CA***yTa ,,2990.00,44833.59
05/17/2021,E-TRANSFER CA***mGm ,,10.00,44843.59
05/17/2021,E-TRANSFER CA***gKR ,,25.00,44868.59
05/17/2021,CAD DRAFT 94781915  ,25009.95,,19858.64
05/17/2021,CASH WITHDRAWAL     ,260.00,,19598.64
05/17/2021,E-TRANSFER CA***cAt ,,2500.00,22098.64
05/17/2021,E-TRANSFER CA***snf ,,720.00,22818.64
05/17/2021,E-TRANSFER CA***RTy ,,1.00,22819.64
05/17/2021,E-TRANSFER CA***D6J ,,330.08,23149.72
05/17/2021,E-TRANSFER CA***MjW ,,3000.00,26149.72
05/17/2021,E-TRANSFER CA***UMe ,,245.00,26394.72
05/17/2021,E-TRANSFER CA***8Fb ,,100.00,26494.72
05/17/2021,E-TRANSFER CA***cQH ,,1700.00,28194.72
05/17/2021,E-TRANSFER CA***Mrc ,,1000.00,29194.72
05/17/2021,E-TRANSFER CA***nBD ,,2000.00,31194.72
05/17/2021,E-TRANSFER CA***GqJ ,,500.00,31694.72
05/17/2021,E-TRANSFER CA***5QK ,,250.00,31944.72
05/17/2021,E-TRANSFER CA***tSC ,,50.00,31994.72
05/17/2021,E-TRANSFER CA***aK7 ,,50.00,32044.72
05/17/2021,E-TRANSFER CA***AjP ,,350.00,32394.72
05/17/2021,E-TRANSFER CA***mKk ,,2999.00,35393.72
05/17/2021,E-TRANSFER CA***Nph ,,140.00,35533.72
05/17/2021,E-TRANSFER CA***MuB ,,200.00,35733.72
05/17/2021,E-TRANSFER CA***HdH ,,325.00,36058.72
05/18/2021,E-TRANSFER CA***m6N ,,245.00,36303.72
05/18/2021,E-TRANSFER CA***w2Q ,,10.00,36313.72
05/18/2021,E-TRANSFER CA***Fsq ,,1800.00,38113.72
05/18/2021,E-TRANSFER CA***csG ,,750.00,38863.72
05/18/2021,SEND E-TFR CA***zN8 ,3000.00,,35863.72
05/18/2021,E-TRANSFER CA***ghm ,,250.00,36113.72
05/18/2021,E-TRANSFER CA***hZK ,,100.00,36213.72
05/18/2021,E-TRANSFER CA***VzU ,,1900.00,38113.72
05/18/2021,E-TRANSFER CA***rmG ,,1000.00,39113.72
05/18/2021,E-TRANSFER CA***5te ,,50.00,39163.72
05/18/2021,E-TRANSFER CA***xTD ,,49.00,39212.72
05/18/2021,E-TRANSFER CA***nrq ,,20.00,39232.72
05/18/2021,E-TRANSFER CA***FDm ,,800.00,40032.72
05/18/2021,E-TRANSFER CA***HW7 ,,1600.00,41632.72
05/18/2021,E-TRANSFER CA***YHP ,,100.00,41732.72
05/19/2021,E-TRANSFER CA***CXF ,,3000.00,44732.72
05/19/2021,E-TRANSFER CA***UE2 ,,1300.00,46032.72
05/19/2021,E-TRANSFER CA***jNv ,,150.00,46182.72
05/19/2021,E-TRANSFER CA***RJT ,,500.00,46682.72
05/19/2021,E-TRANSFER CA***y4R ,,1000.00,47682.72
05/19/2021,E-TRANSFER CA***4Du ,,130.00,47812.72
05/19/2021,E-TRANSFER CA***yQR ,,343.78,48156.50
05/19/2021,E-TRANSFER CA***HDD ,,1000.00,49156.50
05/19/2021,E-TRANSFER CA***QRK ,,100.00,49256.50
05/19/2021,E-TRANSFER CA***wSR ,,1.00,49257.50
05/19/2021,E-TRANSFER CA***Q9A ,,100.00,49357.50
05/19/2021,E-TRANSFER CA***tEV ,,1.00,49358.50
05/19/2021,E-TRANSFER CA***u9N ,,850.00,50208.50
05/19/2021,E-TRANSFER CA***ZKb ,,1145.00,51353.50
05/19/2021,E-TRANSFER CA***V2M ,,1300.00,52653.50
05/19/2021,WIRE TO CUSTOMER    ,45000.00,,7653.50
05/19/2021,GC 8181-CASH WITHDRA,50.00,,7603.50
05/19/2021,E-TRANSFER CA***rpt ,,90.00,7693.50
05/19/2021,E-TRANSFER CA***T2E ,,820.00,8513.50
05/19/2021,E-TRANSFER CA***btG ,,1.00,8514.50
05/19/2021,E-TRANSFER CA***ZuJ ,,1233.00,9747.50
05/19/2021,E-TRANSFER CA***vBh ,,292.00,10039.50
05/19/2021,E-TRANSFER CA***HZY ,,500.00,10539.50
05/19/2021,E-TRANSFER CA***C8g ,,100.00,10639.50
05/19/2021,E-TRANSFER CA***5X6 ,,100.00,10739.50
05/19/2021,E-TRANSFER CA***nge ,,400.00,11139.50
05/19/2021,E-TRANSFER CA***APH ,,2999.00,14138.50
05/19/2021,E-TRANSFER CA***fDD ,,10.00,14148.50
05/20/2021,E-TRANSFER CA***4xX ,,800.00,14948.50
05/20/2021,E-TRANSFER CA***qYA ,,500.00,15448.50
05/20/2021,E-TRANSFER CA***4sB ,,1000.00,16448.50
05/20/2021,E-TRANSFER CA***gXv ,,800.00,17248.50
05/20/2021,E-TRANSFER CA***mRG ,,100.00,17348.50
05/20/2021,E-TRANSFER CA***AYU ,,100.00,17448.50
05/20/2021,E-TRANSFER CA***Jdp ,,2750.00,20198.50
05/20/2021,E-TRANSFER CA***uz7 ,,600.00,20798.50
05/20/2021,E-TRANSFER CA***R4S ,,330.00,21128.50
05/20/2021,E-TRANSFER CA***ft5 ,,2000.00,23128.50
05/20/2021,E-TRANSFER CA***Ach ,,1000.00,24128.50
05/20/2021,E-TRANSFER CA***BWq ,,5.00,24133.50
05/20/2021,E-TRANSFER CA***8TN ,,1000.00,25133.50
05/20/2021,E-TRANSFER CA***6XY ,,2550.00,27683.50
05/20/2021,E-TRANSFER CA***AAs ,,200.00,27883.50
05/20/2021,E-TRANSFER CA***CTk ,,500.00,28383.50
05/20/2021,E-TRANSFER CA***vxa ,,200.00,28583.50
05/20/2021,E-TRANSFER CA***M68 ,,860.00,29443.50
05/20/2021,E-TRANSFER CA***unU ,,600.00,30043.50
05/20/2021,E-TRANSFER CA***KBu ,,800.00,30843.50
05/20/2021,E-TRANSFER CA***EsG ,,260.00,31103.50
05/20/2021,E-TRANSFER CA***tCD ,,20.00,31123.50
05/20/2021,E-TRANSFER CA***fd6 ,,100.00,31223.50
05/20/2021,E-TRANSFER CA***5FG ,,20.00,31243.50
05/20/2021,WIRE TO CUSTOMER    ,20050.00,,11193.50
05/20/2021,E-TRANSFER CA***eJV ,,220.00,11413.50
05/20/2021,E-TRANSFER CA***pR4 ,,2000.00,13413.50
05/20/2021,E-TRANSFER CA***VAN ,,163.00,13576.50
05/20/2021,E-TRANSFER CA***44R ,,1.00,13577.50
05/20/2021,E-TRANSFER CA***98C ,,500.00,14077.50
05/20/2021,E-TRANSFER CA***5gR ,,813.00,14890.50
05/20/2021,E-TRANSFER CA***bW5 ,,2000.00,16890.50
05/20/2021,E-TRANSFER CA***UGm ,,99.00,16989.50
05/20/2021,E-TRANSFER CA***SX3 ,,15.00,17004.50
05/20/2021,E-TRANSFER CA***wJB ,,2000.00,19004.50
05/21/2021,E-TRANSFER CA***jb5 ,,81.00,19085.50
05/21/2021,E-TRANSFER CA***C2j ,,820.00,19905.50
05/21/2021,E-TRANSFER CA***qn6 ,,500.00,20405.50
05/21/2021,E-TRANSFER CA***qyS ,,50.00,20455.50
05/21/2021,E-TRANSFER CA***uBB ,,165.00,20620.50
05/21/2021,E-TRANSFER CA***hdR ,,1007.00,21627.50
05/21/2021,E-TRANSFER CA***FqW ,,100.00,21727.50
05/21/2021,E-TRANSFER CA***Kck ,,100.00,21827.50
05/21/2021,E-TRANSFER CA***wsg ,,200.00,22027.50
05/21/2021,E-TRANSFER CA***Xfm ,,616.00,22643.50
05/21/2021,E-TRANSFER CA***j4r ,,190.00,22833.50
05/21/2021,E-TRANSFER CA***NnN ,,300.00,23133.50
05/21/2021,E-TRANSFER CA***WFT ,,1980.00,25113.50
05/21/2021,210521S2326500WIRE  ,,982.50,26096.00
05/21/2021,E-TRANSFER CA***Uuk ,,3000.00,29096.00
05/21/2021,E-TRANSFER CA***Cah ,,3000.00,32096.00
05/21/2021,E-TRANSFER CA***4Sd ,,1000.00,33096.00
05/21/2021,E-TRANSFER CA***zYD ,,3000.00,36096.00
05/21/2021,E-TRANSFER CA***Q8P ,,3000.00,39096.00
05/21/2021,E-TRANSFER CA***S5k ,,200.00,39296.00
05/21/2021,E-TRANSFER CA***YuQ ,,3000.00,42296.00
05/21/2021,E-TRANSFER CA***73t ,,500.00,42796.00
05/21/2021,E-TRANSFER CA***GdW ,,250.00,43046.00
05/21/2021,WIRE TO CUSTOMER    ,40050.00,,2996.00
05/21/2021,E-TRANSFER CA***5jN ,,82.00,3078.00
05/21/2021,E-TRANSFER CA***6KX ,,10.00,3088.00
05/21/2021,E-TRANSFER CA***vFC ,,3000.00,6088.00
05/21/2021,E-TRANSFER CA***fna ,,50.00,6138.00
05/21/2021,E-TRANSFER CA***vyg ,,250.00,6388.00
05/21/2021,E-TRANSFER CA***AVw ,,2999.00,9387.00
05/21/2021,E-TRANSFER CA***D2n ,,1220.00,10607.00
05/21/2021,E-TRANSFER CA***brV ,,196.00,10803.00
05/25/2021,E-TRANSFER CA***5Pc ,,165.00,10968.00
05/25/2021,E-TRANSFER CA***MRw ,,850.00,11818.00
05/25/2021,E-TRANSFER CA***THN ,,200.00,12018.00
05/25/2021,E-TRANSFER CA***YJx ,,160.00,12178.00
05/25/2021,E-TRANSFER CA***g59 ,,976.00,13154.00
05/25/2021,E-TRANSFER CA***G85 ,,2400.00,15554.00
05/25/2021,E-TRANSFER CA***2En ,,500.00,16054.00
05/25/2021,E-TRANSFER CA***VhW ,,50.00,16104.00
05/25/2021,E-TRANSFER CA***GgW ,,60.00,16164.00
05/25/2021,E-TRANSFER CA***4MY ,,60.00,16224.00
05/25/2021,E-TRANSFER CA***2G4 ,,162.53,16386.53
05/25/2021,E-TRANSFER CA***vPk ,,1625.00,18011.53
05/25/2021,E-TRANSFER CA***jbu ,,1630.00,19641.53
05/25/2021,E-TRANSFER CA***Byy ,,1050.00,20691.53
05/25/2021,E-TRANSFER CA***B26 ,,150.00,20841.53
05/25/2021,E-TRANSFER CA***T7d ,,82.00,20923.53
05/25/2021,E-TRANSFER CA***Bdj ,,50.00,20973.53
05/25/2021,E-TRANSFER CA***k3U ,,5.00,20978.53
05/25/2021,E-TRANSFER CA***tVx ,,326.00,21304.53
05/25/2021,E-TRANSFER CA***aQB ,,110.00,21414.53
05/25/2021,E-TRANSFER CA***mfF ,,1626.00,23040.53
05/25/2021,E-TRANSFER CA***r9m ,,500.00,23540.53
05/25/2021,E-TRANSFER CA***8hJ ,,1000.00,24540.53
05/25/2021,E-TRANSFER CA***FVH ,,3000.00,27540.53
05/25/2021,E-TRANSFER CA***xsB ,,1000.00,28540.53
05/25/2021,E-TRANSFER CA***t3s ,,1000.00,29540.53
05/25/2021,E-TRANSFER CA***8Th ,,10.00,29550.53
05/25/2021,E-TRANSFER CA***q2G ,,100.00,29650.53
05/25/2021,E-TRANSFER CA***FEm ,,500.00,30150.53
05/25/2021,E-TRANSFER CA***RXZ ,,1000.00,31150.53
05/25/2021,E-TRANSFER CA***6FX ,,1630.00,32780.53
05/25/2021,E-TRANSFER CA***tej ,,330.00,33110.53
05/25/2021,E-TRANSFER CA***QaC ,,1640.00,34750.53
05/25/2021,E-TRANSFER CA***fwD ,,1.00,34751.53
05/25/2021,E-TRANSFER CA***wJE ,,0.27,34751.80
05/25/2021,E-TRANSFER CA***s6Q ,,300.00,35051.80
05/25/2021,E-TRANSFER CA***nqp ,,1280.00,36331.80
05/25/2021,E-TRANSFER CA***MSW ,,1.00,36332.80
05/25/2021,E-TRANSFER CA***Dfc ,,200.00,36532.80
05/25/2021,E-TRANSFER CA***TX8 ,,100.00,36632.80
05/25/2021,E-TRANSFER CA***2tm ,,15.00,36647.80
05/25/2021,E-TRANSFER CA***npy ,,85.00,36732.80
05/25/2021,E-TRANSFER CA***5p3 ,,1650.00,38382.80
05/25/2021,E-TRANSFER CA***CPr ,,160.00,38542.80
05/25/2021,E-TRANSFER CA***FwQ ,,400.00,38942.80
05/25/2021,E-TRANSFER CA***jxy ,,81.00,39023.80
05/25/2021,E-TRANSFER CA***ZVX ,,812.00,39835.80
05/25/2021,E-TRANSFER CA***Efx ,,150.00,39985.80
05/25/2021,E-TRANSFER CA***Wzd ,,1624.00,41609.80
05/25/2021,E-TRANSFER CA***Qct ,,400.00,42009.80
05/25/2021,E-TRANSFER CA***vSz ,,1625.00,43634.80
05/25/2021,E-TRANSFER CA***QNb ,,600.00,44234.80
05/25/2021,E-TRANSFER CA***uK9 ,,800.00,45034.80
05/25/2021,E-TRANSFER CA***Yt6 ,,200.00,45234.80
05/25/2021,E-TRANSFER CA***vz4 ,,500.00,45734.80
05/25/2021,E-TRANSFER CA***Y6c ,,1000.00,46734.80
05/25/2021,E-TRANSFER CA***GE7 ,,100.00,46834.80
05/25/2021,E-TRANSFER CA***dQU ,,110.00,46944.80
05/25/2021,E-TRANSFER CA***t8x ,,700.00,47644.80
05/25/2021,E-TRANSFER CA***RhZ ,,150.00,47794.80
05/25/2021,WIRE TO CUSTOMER    ,45050.00,,2744.80
05/25/2021,E-TRANSFER CA***NST ,,200.00,2944.80
05/25/2021,E-TRANSFER CA***Ydw ,,40.00,2984.80
05/25/2021,E-TRANSFER CA***Fyf ,,5.00,2989.80
05/25/2021,E-TRANSFER CA***ubc ,,800.00,3789.80
05/25/2021,E-TRANSFER CA***m6v ,,500.00,4289.80
05/25/2021,E-TRANSFER CA***kDY ,,1600.00,5889.80
05/25/2021,E-TRANSFER CA***GM3 ,,1200.00,7089.80
05/25/2021,E-TRANSFER CA***SBQ ,,125.00,7214.80
05/25/2021,E-TRANSFER CA***sJK ,,1000.00,8214.80
